generation,P_comb1,P_comb2,P_comb3,MBF
0,0.204252,0.653039,0.142709,9.982752
