generation,P_comb1,P_comb2,P_comb3,MBF
0,0.675852,0.128271,0.195877,8.700541
1,0.675852,0.128271,0.195877,8.700541
