generation,P_comb1,P_comb2,P_comb3,MBF
0,0.360608,0.600723,0.038670,8.175155
1,0.360608,0.600723,0.038670,8.175155
2,0.344526,0.442080,0.213394,8.290582
3,0.344526,0.442080,0.213394,8.290582
4,0.344526,0.442080,0.213394,8.290582
5,0.344526,0.442080,0.213394,8.290582
6,0.344526,0.442080,0.213394,8.290582
7,0.344526,0.442080,0.213394,8.290582
