generation,P_comb1,P_comb2,P_comb3,MBF
0,0.273369,0.409499,0.317131,8.156658
