generation,P_comb1,P_comb2,P_comb3,MBF
0,0.600347,0.084446,0.315207,8.133062
1,0.391394,0.233037,0.375570,8.162405
2,0.348686,0.237686,0.413628,8.275990
3,0.348686,0.237686,0.413628,8.275990
4,0.345430,0.248319,0.406251,8.532788
5,0.345430,0.248319,0.406251,8.532788
