generation,P_comb1,P_comb2,P_comb3,MBF
0,0.368236,0.516085,0.115679,9.987958
